{
  "n_prompts": 50,
  "max_new_tokens": 100,
  "batch_size": 8,
  "results": {
    "serial": {
      "time": 70.34371256828308,
      "gen_tokens": 3639,
      "qps": 0.7107955803649785,
      "tps": 51.73170233896313
    },
    "batch": {
      "time": 14.409779787063599,
      "gen_tokens": 3711,
      "qps": 3.469865656440328,
      "tps": 257.53342902100115
    },
    "vllm": {
      "time": 1.1639001369476318,
      "gen_tokens": 3492,
      "qps": 42.959012043014894,
      "tps": 3000.2574010841604
    }
  }
}